{
  "poggit\\libasynql\\libs\\SOFe\\AwaitGenerator": {
    "name": "await-generator",
    "version": "3.4.2",
    "php": [
      8
    ],
    "author": "SOFe",
    "antigen": "SOFe\\AwaitGenerator",
    "description": "Use async\/await in PHP using generators",
    "build": {
      "builder": "PoggitCI\/1.0-beta\/beta poggit-virion\/1.0",
      "builderName": "poggit",
      "buildTime": "2022-06-12T03:07:09+00:00",
      "poggitBuildId": 136894,
      "buildClass": "Dev",
      "projectId": 3121,
      "projectBuildNumber": 92,
      "fromCommit": "05f14d8d5122edb2e0e4058770f7f36756062b9c",
      "poggitResourceId": 181115
    }
  }
}